"Department","TMTitle","OldPCID","OldModel","OldAssetTag","OldSrvcTag","NewPCID","NewModel","NewSrvcTag","NewAssetTag","InService","Comments","Pings","Received"
"N/A","No Host Found","ZIT-EMCMON","Deskpro EP/SB Series","","6011DT63G020","","","","","","NHF","","J23WQ22"
"IT","IT Monitoring Engineer - Vessie","ZIT1000","DSDT_PRJ","No A. Tag","2UA6371DRR","ZEX0467","9020","1010467","J166R22","01/19/2015","","","J9XM322"
"N/A","No Host Found","ZITZTRON","Evo D510 CMT","","W312KN8ZC448","","","","","","NHF","","J155R22"
"IT","SOLUTION CENTER","ZIT0506","HP Compaq dc5100 SFF(PT005AW)","","MXL513089B","ZEX0279","9020","CTMPP22","1010279","12/01/2014","","","89XM322"
"N/A","No Host Found","ZITZTRON2","HP d530 SFF(DG058A)","","2UB407026S","","","","","","NHF","","J1JWQ22"
"Surveillance","sbinet","ZSV2020","hp workstation xw5000","","1.23457E+11","","","","","","At Wild West","","J0MSQ22"
"IT","Northside FTP Server","ZIT6655","Inspiron 620","","D7SBPS1","ZIT6655","9020","CS5TP22","1011621","12/31/2014","TS IT Laptop","","J1KSR22"
"Corp. Ops.","Specialty PC Corp. Slots","ZITCFINNE","OptiPlex 390","","663WTV1","","9020","J0P4R22","1010472","","On Hold","","J24TQ22"
"Corp. Ops.","Specialty PC Corp. Slots","ZITSAS","OptiPlex 390","","5BTNXV1","","9020","J0NQQ22","","","On Hold","","J3DWQ22"
"Corp. Ops.","Specialty PC Corp. Slots","ZITSAS7","OptiPlex 390","","663YTV1","","9020","J2GRQ22","1010399","","On Hold","","J23YQ22"
"IT","Specialty PC Corp. IT","ZITSK001","OptiPlex 7010","","DKC9FX1","","9020","J1KSQ22","1010400","","On Hold","","24XM322"
"AC","AC PAYABLES CLERK","ZAC2426","OptiPlex 745","","JQS3PD1","ZEX0351","9020","BBXM322","1010351","12/14/2014","","","3SHQ322"
"N/A","No Host Found","ZAC2527","OptiPlex 745","","62T9QD1","","","CG1RP22","1010298","","NHF","","6XHQ322"
"Accounting","csulli","ZAC3634","OptiPlex 745","","9YNY2F1","ZEX0285","9020","CKWRP22","1010285","12/30/2014","","","CJ7TP22"
"Accounting","10.241.35.16 host unreachable","ZAC3787","OptiPlex 745","","781TYD1","","","","","","TIMES OUT","","CJZRP22"
"Accounting","ICG SCAN STATION","ZAC4882","OptiPlex 745","1004882","9HYJ3F1","ZEX0466","9020","J0KQLN1","1010466","01/20/2015","","","CKBVP22"
"AD","AD MANAGER","ZAD3937","OptiPlex 745","","6HYJ3F1","ZEX0263","9020","CS4TP22","1010263","12/28/2014","","","CKDTP22"
"Hotel","10.241.35.78","ZCC3736","OptiPlex 745","","BHFLYD1","ZEX0402","9020","J23ZQ22","1010402","01/02/2015","Score Board","","CKHZP22"
"Call Center","10.255.252.241","ZCC3743","OptiPlex 745","","8GFLYD1","","","","","","At Palace","","CKWRP22"
"N/A","No Host Found","ZCC3746","OptiPlex 745","","DGFLYD1","","","","","","NHF","","CS1PP22"
"Call Center","10.40.109.92","ZCC3750","OptiPlex 745","","FDFLYD1","ZCC1393","9020","CS71Q22","1011393","","At Palace","","CSPPP22"
"Call Center","10.255.252.25","ZCC3751","OptiPlex 745","","291TYD1","ZCC1384","9020","D6DNP22","1011384","","At Palace","","CSPRP22"
"Call Center","10.255.252.46","ZCC3752","OptiPlex 745","","271TYD1","ZCC1383","9020","CSKTP22","1011383","","At Palace","","CSQZP22"
"Call Center","10.255.255.56","ZCC3762","OptiPlex 745","","7NPTYD1","","","","","","At Palace","","CSYSP22"
"Call Center","10.255.252.50","ZCC3766","OptiPlex 745","","5TN6YD1","ZCC1377","9020","D5XPP22","1011377","","At Palace","","CTFVP22"
"Call Center","10.255.252.51","ZCC3771","OptiPlex 745","","9MPTYD1","ZCC1373","9020","CJBZP22","1011373","","At Palace","","CTHQP22"
"Call Center","10.255.252.131","ZCC3779","OptiPlex 745","","CMPTYD1","ZCC1385","9020","CJY1Q22","1011385","","At Palace","","D5F1Q22"
"Call Center","10.255.252.18","ZCC3782","OptiPlex 745","","1LN6YD1","ZCC1379","9020","CJ3QP22","1011379","","At Palace","","D5NTP22"
"Call Center","10.255","ZCC3783","OptiPlex 745","","HNN6YD1","ZCC1382","9020","CSH0Q22","1011382","","At Palace","","D5P0Q22"
"Call Center","10.255","ZCC3791","OptiPlex 745","","4HFLYD1","ZCC1381","9020","CSJTP22","1011381","","At Palace","","D5PPP22"
"Call Center","10.255","ZCC3794","OptiPlex 745","","5RN6YD1","ZCC1386","9020","BZS7N22","1011386","","At Palace","","D61SP22"
"Call Center","10.255","ZCC3800","OptiPlex 745","","6MN6YD1","ZCC1380","9020","5G52N22","1011380","","At Palace","","D6DSP22"
"Call Center","10.255","ZCC3909","OptiPlex 745","","7KN6YD1","ZCC1375","9020","D700Q22","1011375","","At Palace","","D6FRP22"
"Call Center","10.255","ZCC3912","OptiPlex 745","","9PN6YD1","","","","","","At Palace-TIMES OUT","","D6GVP22"
"Call Center","10.255","ZCC3914","OptiPlex 745","","FTN6YD1","ZCC1378","9020","D5Q1Q22","1011378","","At Palace","","D6PTP22"
"Call Center","10.255","ZCC3916","OptiPlex 745","","9SN6YD1","ZCC1390","9020","CKY0Q22","1011390","","At Palace","","D6RRP22"
"Call Center","10.255","ZCC3918","OptiPlex 745","","BNN6YD1","ZCC1391","9020","CJP0Q22","1011391","","At Palace","","D6SQP22"
"Call Center","10.255","ZCC3920","OptiPlex 745","","6TN6YD1","","","","","","At Palace","","D6T1Q22"
"DNC","ENTITLEMENT CONSULT","ZDC3484","OptiPlex 745","","6MPTYD1","ZEX0236","9020","D6FRP22","1010236","12/19/2014","","","D6VQP22"
"N/A","times out - Skinner","ZDC3932","OptiPlex 745","","8HYJ3F1","","","","","","NHF","","D6X0Q22"
"DNC","Gildersleve","ZDC3934","OptiPlex 745","","3HYJ3F1","ZEX0355","9020","6XHQ322","1010355","01/06/2015","","","D70PP22"
"RIM","10.12.17.77","ZEX2250","OptiPlex 745","","JBQLWC1","RIM1950","9020","F2MM322","1011950","01/15/2015","AT RIM WAREHOUSE","","D72ZP22"
"N/A","No Host Found","ZEX3056","OptiPlex 745","","CRS0MD1","","","","","","NHF","","D731Q22"
"N/A","No Host Found","ZEX3097","OptiPlex 745","","FMKDYC1","","","","","","NHF","","GK5GP22"
"","times out","ZEX3099","OptiPlex 745","","8MKDYC1","","","","","","NHF","","GKCJP22"
"","times out","ZEX3411","OptiPlex 745","","DMPTYD1","","","","","","NHF","","GKDGP22"
"RM","MDP TRAINEE - CANFELD","ZEX3437","OptiPlex 745","","DJ2FYC1","ZEX0219","9020","D6XQP22","1010219","12/15/2014","","","GKFHP22"
"IT - SAS","SLOT SYSTEMS - Ron R.","ZEX3445","OptiPlex 745","","6V637D1","","9020","J38QLN1","1010424","","","","GKNGP22"
"IT","VESSIE","ZEX3717","OptiPlex 745","","2SS0MD1","ZEX0403","9020","J1JSQ22","1010403","01/07/2015","","","GKRJP22"
"N/A","No Host Found","ZEX3913","OptiPlex 745","","1NN6YD1","","","","","","","","GM4HP22"
"AC","SR STAFF ACCOUNTANT","ZEX3923","OptiPlex 745","","CHYJ3F1","","9020","J2GRR22","1010404","12/05/2014","","","GMJHP22"
"","pings 10.12.","ZEX3940","OptiPlex 745","","9JN6YD1","","","","","","AT RIM WAREHOUSE","","GMQFP22"
"HR","ULTRABADGE","ZHR3801","OptiPlex 745","","1YF6PD1","ZEX0209","9020","GKCJP22","1010209","12/22/2014","","","GMTGP22"
"WG","HR - 10.40.90.27 - Times Out","ZHR3802","OptiPlex 745","","HRS0MD1","ZHR3802","9020","CH20Q22","1011530","12/31/2014","WG","","GMXFP22"
"N/A","No Host Found","ZIT2246","OptiPlex 745","","3X0MNC1","","","","","","","","GN7GP22"
"N/A","No Host Found","ZIT2248","OptiPlex 745","","GMPTYD1","","","","","","","","GN9HP22"
"N/A","No Host Found","ZIT2249","OptiPlex 745","","7PN6YD1","","","","","","","","J0H4R22"
"N/A","No Host Found","ZIT2550","OptiPlex 745","","9JFLYD1","","","","","","","","J0HRQ22"
"IT","SOLUTION CENTER","ZIT3021","OptiPlex 745","","7DCLVD1","ZIT0246","9020","D6LRP22","1010246","12/29/2014","","","J0JQLN1"
"IT","DEASH","ZIT3036","OptiPlex 745","","1WHJKC1","","9020","J1KRR22","1010368","","","","J0JVQ22"
"IT","MLOMBA","ZIT3073","OptiPlex 745","","DVHJKC1","ZIT0378","9020","J0NWQ22","1010378","01/23/2015","","","J0MRLN1"
"IT","TERADATA DBA - FRAZZA","ZIT3085","OptiPlex 745","1003085","47HJPC1","ZIT0277","9020","D61SP22","1010277","11/24/2014","","","J0MTR22"
"IT","Dir of IT PROJECTS","ZIT3420","OptiPlex 745","","FLKDYC1","ZIT0292","9020","CGC1Q22","1010292","12/22/2014","","","J0NTQ22"
"N/A","No Host Found","ZIT3422","OptiPlex 745","","HKKDYC1","","","","","","NHF","","J0NWQ22"
"N/A","No Host Found","ZIT3495","OptiPlex 745","","78PSLD1","","","","","","NHF","","J15XQ22"
"IT","PROJECT MANAGER","ZIT3720","OptiPlex 745","","BFNDRD1","","","","","","NHF","","J16TQ22"
"N/A","No Host Found","ZIT3780","OptiPlex 745","","8MPTYD1","","","","","","NHF","","J16TR22"
"N/A","No Host Found","ZIT3911","OptiPlex 745","","4PN6YD1","","","","","","NHF","","J16VQ22"
"IT","NETWORKING PUGH","ZIT3939","OptiPlex 745","","4HYJ3F1","","9020","J1HWQ22","1010387","","","","J1HTR22"
"IT","DEASH","ZIT3959","OptiPlex 745","","5XF6PD1","","9020","J0MRLN1","1010367","","","","J1HVQ22"
"IT","DBA - SLANGE","ZIT5797","OptiPlex 745","1005797","HHWL9C1","ZEX0366","9020","J0MRQ22","1010366","12/31/2014","","","J1J4R22"
"","10.40 - Times Out","ZIT6950","OptiPlex 745","","19G4WD1","","","","","","at PS","","J1JTR22"
"IT","Networking Monitoring PC","ZITBMILESEXT","OptiPlex 745","","FFNDRD1","","9020","J1KRQ22","1010365","","Do Not Remove","","J1TTR22"
"IT","SOLUTION CENTER","ZITSCINFOGEN","OptiPlex 745","","BHYJ3F1","ZIT0422","9020","J0HZQ22","1010422","12/29/2014","","","J22TR22"
"IT","SOLUTION CENTER","ZITSCWIN","OptiPlex 745","","GNN6YD1","ZIT0411","9020","J1HTQ22","1010411","12/29/2014","","","J235R22"
"N/A","No Host Found","ZMK3305","OptiPlex 745","","48SDYC1","","","","","","NHR","","J23SQ22"
"HT","DIR CORPORATE RETAIL","ZOP2700","OptiPlex 745","","JXF6PD1","ZEX0346","9020","8BXM322","1010346","11/29/2014","","","J24SQ22"
"DNC","DNC CONTRACTS MANAGER","ZOP3764","OptiPlex 745","","JPN6YD1","ZEX0320","9020","CTJQP22","1010320","12/05/2014","","","J24SR22"
"PU","PURCHASING AGENT","ZPU3493","OptiPlex 745","","67PSLD1","ZEX0308","9020","CTHVP22","1010308","12/15/2014","","","J2DYQ22"
"PU","PURCHASING AGENT","ZPU3496","OptiPlex 745","","9981MD1","ZEX0318","9020","CSTTP22","1010318","12/15/2014","","","J2F6R22"
"FB","INFOGENESIS MANAGER","ZPU3759","OptiPlex 745","","BVN6YD1","ZEX0364","9020","J0JRR22","1010364","12/15/2014","","","J2FRLN1"
"N/A","No Host Found","ZRC3497","OptiPlex 745","","2981MD1","","","","","","NHF","","27XM322"
"SL","SLOT AUDITOR","ZSL3489","OptiPlex 745","","J7PSLD1","ZEX0363","9020","J15SR22","1010363","11/24/2014","","","95XM322"
"N/A","No Host Found","ZAD4816","OptiPlex 755","","DKD0HF1","","","","","","NHF","","CG3ZP22"
"Call Center","10.255","ZCC3969","OptiPlex 755","","B8BZFF1","ZCC1389","9020","CKPP22","1011389","12/31/2014","at Palace","","CGC1Q22"
"","10.241.38.78","ZCC3977","OptiPlex 755","","H7BZFF1","","","","","","NHF","","CH5VP22"
"Call Center","10.255","ZCC3986","OptiPlex 755","","4CBZFF1","ZCC1387","9020","SDP1N22","1011387","12/31/2014","At Palace","","CH8RP22"
"Call Center","10.255","ZCC3989","OptiPlex 755","","6MKB0G1","ZCC1368","9020","CKPQP22","1011368","12/31/2014","At Palace","","CHG1Q22"
"Call Center","10.255","ZCC3992","OptiPlex 755","","7CBZFF1","ZCC1369","9020","D5RPP22","1011369","12/31/2014","At Palace","","CHHSP22"
"PU","PU COORDINATOR","ZCC3997","OptiPlex 755","","C9BZFF1","ZEX0324","9020","CTFVP22","1010324","12/15/2014","","","CJPNP22"
"Call Center","10.255","ZCC4802","OptiPlex 755","","89BZFF1","ZCC1372","9020","D5P1Q22","1011372","12/31/2014","At Palace","","CKNTP22"
"Call Center","10.217","ZCC4804","OptiPlex 755","","2CBZFF1","","","","","","At Palace","","CKQ0Q22"
"Call Center","10.255","ZCC4814","OptiPlex 755","","9KD0HF1","ZCC1388","9020","BZ97N22","1011388","12/31/2014","At Palace","","CKSRP22"
"Call Center","10.255","ZCC4815","OptiPlex 755","","FKD0HF1","ZCC1376","9020","D6FSP22","1011376","12/31/2014","At Palace","","CKTPP22"
"HT","REVENUE MANAGER - BCANSD","ZCC4817","OptiPlex 755","","BKD0HF1","","9020","J9XM322","1010345","12/15/2014","","","CS4TP22"
"N/A","No Host Found","ZDC4827","OptiPlex 755","","CMFDLF1","","","","","","NHF","","CS7VP22"
"Slots","Slot Analyst - Rene' T.","ZDC4839","OptiPlex 755","","6ZTPLF1","","9020","J1HVR22","1010362","","Do Not Remove","","CSR0Q22"
"AC","CORP AC - JOMARTI","ZEX3000","OptiPlex 755","","H56PBF1","ZEX0471","9020","J0KPLN1","1010471","12/29/2014","","","CTGVP22"
"N/A","No Host Found","ZEX3960","OptiPlex 755","","D1BT5F1","","","","","","NHF","","D5NSP22"
"EN","FACILITIES MANAGER","ZEX4000","OptiPlex 755","","88BZFF1","ZEX0225","9020","GN7GP22","1010225","11/24/2014","","","D6FPP22"
"DNC","AV TECH","ZEX4805","OptiPlex 755","","7BBZFF1","ZEX0239","9020","D6SQP22","1010239","12/15/2014","","","D6FVP22"
"SC","EXEC ADMIN","ZEX4836","OptiPlex 755","","C8N3KF1","ZEX0269","9020","CS50Q22","1010269","12/08/2014","","","D6GZP22"
"FB","EX CHEF","ZEX4844","OptiPlex 755","","DYTPLF1","ZEX0220","9020","GMQJP22","1010220","12/15/2014","","","D6LRP22"
"N/A","No Host Found","ZEX4856","OptiPlex 755","","H8N3KF1","","","","","","NHF","","D6WTP22"
"AD","AD MANAGER","ZEX4868","OptiPlex 755","","58N3KF1","ZEX0224","9020","CJ7TP22","1010224","12/15/2014","","","D6XQP22"
"RM","CORPORATE RISK MANAGER","ZEX6264","OptiPlex 755","","58BZFF1","ZEX0417","9020","J22QQ22","1010417","12/26/2014","","","D712Q22"
"HR","HR ANALYST - LUCIA","ZHR3979","OptiPlex 755","","71BT5F1","ZEX0316","9020","CTGVP22","1010316","12/02/2014","","","FVHQ322"
"PINGS","10.40. - KELLY LOPEZ","ZIA3665","OptiPlex 755","","F5ZYKF1","","","","","","AT PALACE","","GMSJP22"
"IT","IT Application Engineer","ZISALEX","OptiPlex 755","","J8D3HH1","ZIT0423","9020","J0NTQ22","1010423","12/29/2014","","","J0GVR22"
"IT","INFRASTRUCTURE APP ANALYST","ZISVSTALE","OptiPlex 755","","H8D3HH1","ZIT0385","9020","J0JVQ22","1010385","01/07/2015","Do not remove","","J0JRLN1"
"N/A","No Host Found","ZIT2117","OptiPlex 755","","9RP6TH1","","","","","","NHF","","J0JTQ22"
"N/A","No Host Found","ZIT2475","OptiPlex 755","","49FPBF1","","","","","","NHF","","J0JZQ22"
"IT","PROPERTY TECH - Cube","ZIT3985","OptiPlex 755","1003985","G8BZFF1","ZEX0375","9020","J0PSQ22","1010375","12/22/2014","","","J0KPLN1"
"N/A","No Host Found","ZIT3990","OptiPlex 755","","CBBZFF1","","","","","","NHF","","J0LZQ22"
"IT","QA ANALYST","ZIT3HH1","OptiPlex 755","","G8D3HH1","ZIT3HH1","9020","J0HVR22","1010413","12/22/2014","","","J16RQ22"
"N/A","No Host Found","ZIT4838","OptiPlex 755","","7YTPLF1","","","","","","NHF","","J1HRR22"
"IT","QA Analyst","ZIT4843","OptiPlex 755","1004843","FYTPLF1","ZITRNAGUI","9020","CSPRP22","1010274","01/22/2015","","","J1HVR22"
"IT","NHF - PING: 10.60.0.37","ZIT4864","OptiPlex 755","","3ZTPLF1","","","","","","AT TEXAS","","J1KQLN1"
"IT","QA ANALYST - SAI NIHAR","ZIT7837","OptiPlex 755","1003987","H8BZFF1","ZIT0358","9020","J22TR22","1010358","12/15/2014","","","J23RLN1"
"IT","PROJECT MANAGER - RSUMA","ZIT9888","OptiPlex 755","1002934","5SYZ4H1","ZEX6188","9010","2D55TW1","1006188","01/20/2015","","","J2RSQ22"
"IT","SOLUTION CENTER","ZITSCSPECTRUM","OptiPlex 755","","BWMQTF1","SCSPECTRUM2","9020","J15QLN1","1010406","12/29/2014","","","J2RYQ22"
"HT","RESERVATIONS COORDINATOR","ZOP3988","OptiPlex 755","1003988","18BZFF1","ZEX0213","9020","GK8JP22","1010213","12/15/2014","","","J3CWQ22"
"RM","CORPORATE RISK MANAGER","ZOP5706","OptiPlex 755","1005706","4VP6TH1","ZEX0354","9020","3SHQ322","1010354","12/26/2014","","","J3DSQ22"
"PU","PURCHASING AGENT","ZPU3507","OptiPlex 755","1003507","4LDGCF1","ZEX0325","9020","CTHQP22","1010325","12/15/2014","","","JBXM322"
"N/A","No Host Found","ZRC4887","OptiPlex 755","","D7SPWH1","","","","","","NHF","","CG5VP22"
"HT","RESERVATIONS AGENT","ZRR5773","OptiPlex 755","1005773","D0BT5F1","ZEX0271","9020","CJPNP22","1010271","12/08/2014","","","CGB1Q22"
"AD","AD MANAGER","ZAD5704","OptiPlex 760","1005704","1GRKTK1","ZEX0273","9020","D5NTP22","1010273","12/15/2014","","","CJNVP22"
"HR","HR TRAINER - BMOUNS","ZDC4243","OptiPlex 760","1004243","2GRKTK1","ZEX0216","9020","GLLJP22","1010216","12/08/2014","","","CSQPP22"
"OPS","OPERATIONS ANALYST - Leeper other","ZEX5708","OptiPlex 760","1005708","JFRKTK1","","","","","","","","CSQTP22"
"N/A","No Host Found","ZEX5721","OptiPlex 760","","3ZK4GK1","","","","","","NHF","","GMQJP22"
"PR","VP OF COMMUNICATIONS","ZEX5722","OptiPlex 760","1005722","3ZJFHK1","ZEX0344","9020","89XM322","1010344","12/16/2014","","","J0KQLN1"
"N/A","No Host Found","ZGSTEST5285","OptiPlex 760","","B8ZCML1","","","","","","NHF","","J0PSQ22"
"IT","ISERIES ANALYST","ZIT4244","OptiPlex 760","1004244","CFRKTK1","ZIT0280","9020","D5F1Q22","1010280","12/16/2014","","","J15SR22"
"IT","SOLUTION CENTER","ZIT4829","OptiPlex 760","1004829","3ZKDHK1","ZIT0279","9020","GMSJP22","1010245","12/29/2014","","","J165R22"
"IT","IT SECURITY - GALAXY","ZIT5711","OptiPlex 760","1005711","FFRKTK1","","9020","J23SQ22","1010384","01/21/2015","","","J23TQ22"
"IT","TECHNICAL WRITER","ZITAVELA","OptiPlex 760","","GFRKTK1","ZIT0296","9020","CGB1Q22","1010296","11/17/2014","","","J38QLN1"
"LG","VP AND ASSOC GEN COUNSEL","ZLG4891","OptiPlex 760","1004891","5K16PJ1","","9020","","","11/17/2014","Need Serial","","3WHQ322"
"REC","RECEIVING ","ZNL5701","OptiPlex 760","1005701","JJ16PJ1","ZEX0202","9020","CJ7ZP22","1010202","11/26/2014","","","6RHQ322"
"AC","AC MANAGER - PATINO","ZAC4266","OptiPlex 780","1004266","7BH9QN1","ZEX0302","9020","CJT1Q22","1010302","12/20/2014","","","8BXM322"
"AC","DIR OF FINANCIAL IMPLEMENTATION","ZAC5798","OptiPlex 780","1005798","BMB4FQ1","ZEX0372","9020","J0JZQ22","1010372","01/20/2015","","","CG1RP22"
"AC","INVENTORY CONTROL MGR - CBENTO","ZAC5799","OptiPlex 780","1005799","BMB5FQ1","ZEX0398","9020","J0NQQ22","1010398","01/05/2015","","","CG6ZP22"
"AC","AC MANAGER","ZAD5927","OptiPlex 780","1005927","GWKKFQ1","ZEX0332","9020","4BXM322","1010332","12/29/2014","","","CHJZP22"
"","PINGS 10.40.82.16","ZDM4268","OptiPlex 780","","55P88P1","","","","","","at Direct Mail Center","","CS50Q22"
"PU","EXEC DIR OF PU","ZEX5777","OptiPlex 780","1005777","55R58P1","ZEX0291","9020","CH8RP22","1010291","12/15/2014","","","CTHZP22"
"EN","ELECTRICIAN","ZEX5779","OptiPlex 780","1005779","D0FBBP1","ZEX0207","9020","GKNGP22","1010207","11/17/2014","","","D5Q0Q22"
"N/H","Times out","ZEX5781","OptiPlex 780","","D0FCBP1","","","","","","TIMES OUT","","D6MNP22"
"HR","HR ASSISTANT","ZHR4267","OptiPlex 780","1004267","55P78P1","ZEX0295","9020","CJNVP22","1010295","12/08/2014","","","D6YRP22"
"N/A","No Host Found","ZIT1038","OptiPlex 780","","JVS8PN1","","","","","","NHF","","GK7GP22"
"N/A","No Host Found","ZIT1040","OptiPlex 780","","57P88P1","","","","","","NHF","","GNHQ322"
"IT","PROJECT MANAGER","ZIT1763","OptiPlex 780","1001763","1SZWBP1","ZIT6249","9020","32SVDZ1","1006249","12/29/2014","","","J0GZQ22"
"NA","No Host Found","ZIT1919","OptiPlex 780","","5HND5M1","","","","","","NHF","","J0J4R22"
"NA","No Host Found","ZIT2381","OptiPlex 780","","2GND5M1","","","","","","NHF","","J0MQQ22"
"NA","No Host Found","ZIT4261","OptiPlex 780","","DG4JPN1","","","","","","NHF","","J0MRQ22"
"OPS","OPERATIONS ANALYST","ZIT5748","OptiPlex 780","1005748","2Y8FPM1","ZEX0242","9020","D6PTP22","1010242","12/15/2014","","","J0P4R22"
"IT","SYSTEM SEC - BRAD DINSMORE XP","ZIT5784","OptiPlex 780","","D0GCBP1","ZEX0438","9020","J15YQ22","1010438","","Do Not Remove","","J0TNLN1"
"IT","PROJECT MANAGER","ZIT5929","OptiPlex 780","1005929","GWKMFQ1","ZIT0301","9020","CGG0Q22","1010301","12/22/2014","","","J0TQLN1"
"N/A","TIMES OUT","ZIT5937","OptiPlex 780","","7BHBQN1","","","","","","NHF","","J154R22"
"N/A","HOST UNREACHABLE","ZIT6226","OptiPlex 780","","JZ58CP1","","","","","","NHF","","J15SQ22"
"N/A","No Host Found","ZIT7581","OptiPlex 780","","4G5L8P1","","","","","","NHF/AT PS","","J16QLN1"
"N/A","No Host Found","ZIT7693","OptiPlex 780","","DG3MPN1","","","","","","NHF","","J176R22"
"IT","Slang - Laptop","ZIT8569","OptiPlex 780","","9DNKHQ1","","","","","","DNS Issue-Not Replaced","","J1HWQ22"
"IT","SERVER MANAGER","ZITCWURMXP","OptiPlex 780","No a. tag","F1Q9WN1","ZIT0408","9020","J0HVQ22","1010408","01/14/2015","","","J1JTQ22"
"IT","DEV DISPLAY","ZITJVTTV","OptiPlex 780","","DG3PPN1","ZIT0383","9020","J2DXQ22","1010383","","","","J1JXQ22"
"IT","SOLUTION CENTER","ZITSCSCOM","OptiPlex 780","","65J3VL1","SCSCOM2","9020","J0PSR22","1010421","12/29/2014","","","J1KRQ22"
"IT","VESSIE - PINGS","ZITTESTING1","OptiPlex 780","No a. tag","DG3NPN1","ZEX0465","9020","J14YQ22","1010465","01/12/2015","","","J1KRR22"
"AD","AD ACCOUNTING ASSISTANT","ZMK5791","OptiPlex 780","1005791","1SZXBP1","ZEX0257","9020","CS7VP22","1010257","12/22/2014","","","J22QQ22"
"HR","DIR OF BENEFITS","ZMK6043","OptiPlex 780","1006043","1SZVBP1","ZEX0313","9020","CSJ0Q22","1010313","12/08/2014","","","J23RQ22"
"OPS","OPERATIONS ANALYST","ZOP5771","OptiPlex 780","1005771","DG4KPN1","ZEX7190","9020","7MLSZ12","1007190","12/26/2014","","","J2DQQ22"
"OPS","OPERATIONS ANALYST","ZOP5779","OptiPlex 780","1005779","D0GBBP1","ZEX0248","9020","D6FVP22","1010248","12/26/2014","","","J36SQ22"
"POKER","RRBRAVOKIOSK","ZPK4286","OptiPlex 780","","233PDQ1","RRPK2105","9020","J0HRR23","1012105","01/14/2015","AT RR","","J3FWQ22"
"PU","STCI PURCHASING","ZPU3141","OptiPlex 780","1003141","JZ588P1","ZEX0293","9020","CHHSP22","1010293","12/15/2014","","","2XHQ322"
"N/A","No Host Found","ZRR5928","OptiPlex 780","","GWKNFQ1","","","","","","NHF","","4BXM322"
"N/A","No Host Found","ZAC6071","OptiPlex 990","","F58VKS1","","","","","","NHF","","68XM322"
"AC","AC - HACKER","ZAC6100","OptiPlex 990","1006100","85WP5V1","ZEX0429","9020","J15SQ22","1010429","12/30/2014","","","8JHQ322"
"AC","CARMEN","ZAC6104","OptiPlex 990","1006140","85WX5V1","ZEX0395","9020","J245R22","1010395","12/30/2014","","","8PHQ322"
"AC","CORPORATE CONTROLLER - CALIMLIM","ZAC6119","OptiPlex 990","1006119","75765V1","ZEX0382","9020","J24SQ22","1010382","01/12/2015","","","CG52Q22"
"AC","AC ADMIN","ZAC6137","OptiPlex 990","1006137","GZSH7V1","ZEX0270","9020","CS1PP22","1010270","12/08/2014","","","CGG0Q22"
"AC","SOX AC MANAGER - JOROBIN","ZAC7184","OptiPlex 990","1007184","2QN04V1","ZEX0330","9020","CTLZP22","1010330","12/09/2014","","","CGG1Q22"
"N/A","No Host Found","ZCC6082","OptiPlex 990","","2QMY3V1","","","","","","NFH","","CGPTP22"
"DNC","DIR OF DESIGN - LORAINE","ZDC5974","OptiPlex 990","1005974","C79TSR1","ZEX0440","9020","J3DWQ22","1010440","01/16/2015","","","CGVPP22"
"DNC","DNC ASSOCIATE","ZDC5997","OptiPlex 990","1005997","8P5YVR1","ZEX0321","9020","CRZNP22","1010321","12/22/2014","","","CGY1Q22"
"DNC","ASST CONTROLLER","ZDC6053","OptiPlex 990","1006053","F59RKS1","ZEX0211","9020","GK7GP22","1010211","12/26/2014","","","CH9PP22"
"DNC","ACCOUNTS PAYABLE - DMUNCH","ZDC6123","OptiPlex 990","1006123","GZNR7V1","ZEX0439","9020","J1KSR22","1010439","01/06/2015","","","CJNNP22"
"RIM","Rfury","ZEX4368","OptiPlex 990","","F58XKS1","RIM1951","9020","42MM322","1011951","01/15/2015","AT RIM WAREHOUSE","","CJT1Q22"
"HR","CORP BENEFITS MGR - PTEPEL","ZEX5955","OptiPlex 990","1005955","6MWXZQ1","ZEX0297","9020","CG6ZP22","1010297","12/08/2014","","","CK40Q22"
"AD","AD ANALYST","ZEX5956","OptiPlex 990","1005956","6MX10R1","ZEX0264","9020","D712Q22","1010264","12/26/2014","","","CKPNP22"
"PR","PR MANAGER","ZEX5957","OptiPlex 990","1005957","HL5THQ1","ZEX6154","9020","5YE8VV1","1006154","12/26/2014","","","CRZNP22"
"MKT","CKENT","ZEX5993","OptiPlex 990","1005993","1R3JJS1","ZEX0256","9020","CKSRP22","1010256","01/02/2015","","","CSFRP22"
"PU","PAUL KOTCHKA - GALAXY","ZEX6001","OptiPlex 990","1006001","8P5VVR1","ZEX0360","9020","J2RYQ22","1010360","01/16/2015","","","CSGRP22"
"RIM","LINDA HELLOW","ZEX6027","OptiPlex 990","","1R0JJS1","RIM2045","9020","GBXM322","1012045","01/14/2014","AT RIM WAREHOUSE","","CSHQP22"
"IT","JKWON","ZEX6037","OptiPlex 990","1006037","307RJS1","ZEX0361","9020","J2RSQ22","1010361","01/22/2015","","","CSJ0Q22"
"DNC","DIR OF PURCHASING","ZEX6049","OptiPlex 990","1006046","F590LS1","ZEX0267","9020","CT5TP22","1010267","12/16/2014","","","CSTTP22"
"HT","SPECIALTY AGENT","ZEX6070","OptiPlex 990","1006070","F592LS1","ZEX0310","9020","CTNPP22","1010310","12/15/2014","","","CSXSP22"
"AC","SVP TREASURER - FRIEL","ZEX6093","OptiPlex 990","1006093","75775V1","ZEX0392","9020","J0H5R22","1010392","01/08/2015","","","CT0ZP22"
"AC","SVP AND CAO - ALLISON","ZEX6103","OptiPlex 990","1006103","85XP5V1","ZEX0221","9020","D6MNP22","1010221","01/16/2015","","","CT2VP22"
"AC","AP CLERK - OSALGA","ZEX6108","OptiPlex 990","1006108","75905V1","ZEX286","9020","CG3ZP22","1010286","12/29/2014","","","CT5TP22"
"OPS","OPERATIONS ANALYST","ZEX6124","OptiPlex 990","1006124","GZQM7V1","ZEX0222","9020","D6GVP22","1010222","12/22/2014","","","CT91Q22"
"RM","CORP RISK COORDINATOR","ZEX6129","OptiPlex 990","1006129","GZQL7V1","ZEX0326","9020","CTKVP22","1010328","12/22/2014","","","CTFZP22"
"HT","SPECIALTY AGENT","ZEX6136","OptiPlex 990","1006136","GZPK7V1","ZEX0312","9020","CTFZP22","1010312","12/08/2014","","","CTHNP22"
"AC","AP CLERK - MARCY M. ","ZEX6213","OptiPlex 990","1006213","8TTSHS1","ZEX0428","9020","J23RLN1","1010428","01/04/2015","","","CTHVP22"
"FB","FB OPEN","ZFB6055","OptiPlex 990","1006055","9VPWXQ1","ZEX0376","9020","J23RQ22","1010376","12/15/2014","","","CTJQP22"
"","10.80.94.221 - amsmith","ZFB6060","OptiPlex 990","","F59TKS1","","","","","","AT GVR","","CTKVP22"
"FB","DIR CULINARY OPERATIONS","ZFB6080","OptiPlex 990","1006080","2QP24V1","ZEX0201","9020","GN6JP22","1010201","12/16/2014","","","CTKZP22"
"FB","DIR OF FINANCIAL PLANNING","ZFB6115","OptiPlex 990","1006115","75925V1","ZEX0288","9020","CGG1Q22","1010288","12/16/2014","","","CTLZP22"
"FB","INFOGEN MANAGER","ZFB6116","OptiPlex 990","1006116","758Z4V1","ZEX0287","9020","CKQ0Q22","1010287","12/16/2014","","","CTNPP22"
"HR","CORP DIR OF TRAINING","ZHR5980","OptiPlex 990","1005980","8P5WVR1","ZEX0309","9020","CSGRP22","1010309","12/08/2014","","","D5HPP22"
"HR","TM RELATIONS MANAGER - MRIEG","ZHR5994","OptiPlex 990","1005994","8P6YVR1","ZEX0294","9020","CG5VP22","1010294","12/08/2014","","","D5XNP22"
"HR","HR ANALYST","ZHR5995","OptiPlex 990","1005995","8P4ZVR1","ZEX0234","9020","GN9HP22","1010234","12/08/2014","","","D622Q22"
"HR","DIR OF EMPLOYMENT CALIA","ZHR5996","OptiPlex 990","1005996","8P5XVR1","ZEX0290","9020","CHG1Q22","1010290","01/08/2015","","","GK4HP22"
"HR","DIR OF HR HRIPLEY","ZHR5998","OptiPlex 990","1005998","8P61WR1","ZEX0315","9020","CT0ZP22","1010315","12/08/2014","","","GK8JP22"
"HR","HR ANALYST - MIANTO","ZHR5999","OptiPlex 990","1005999","8P6VVR1","ZEX0299","9020","CHJZP22","1010299","01/07/2015","","","GLLJP22"
"N/A","","ZHR6000","OptiPlex 990","","8P51WR1","","","times out","","","NHF","","GMPGP22"
"HR","HR ANALYST - APALOZ","ZHR6002","OptiPlex 990","1006002","8P4YVR1","ZEX0289","9020","CKNTP22","1010289","01/06/2015","","","J0H5R22"
"HR","CORP DIR OF QA","ZHR6066","OptiPlex 990","1006066","F59VKS1","ZIT0238","9020","D6X0Q22","1010238","12/22/2014","","","J0H6R22"
"HR","TRAINING MANAGER","ZHR6081","OptiPlex 990","1006081","2QQT3V1","ZEX0215","9020","GK4HP22","1010215","12/08/2014","","","J0HVQ22"
"N/A","SALES MANAGER LIZ F.","ZHR6113","OptiPlex 990","","75915V1","","","","","","NHF","","J0HVR22"
"IA","IA - TCHU","ZIA6083","OptiPlex 990","1006083","2QMZ3V1","ZEX0380","9020","J1HVQ22","1010380","01/15/2015","","","J0HXQ22"
"IT","APPLICATIONS ENG","ZIT3494","OptiPlex 990","1003494","75935V1","","9020","CSQZP22","1010275","12/28/2014","","","J0HZQ22"
"IT ","PROPERTY TECH","ZIT5961","OptiPlex 990","1005961","4Y5L0R1","","9020","J1KQLN1","1010426","12/28/2014","","","J0J6R22"
"IT","SOLUTION CENTER","ZIT5963","OptiPlex 990","1005963","4Y5M0R1","ZIT0473","9020","J0MQQ22","1010473","12/29/2014","","","J0JPLN1"
"IT","SOLUTION CENTER","ZIT5964","OptiPlex 990","1005964","4Y6C0R1","ZIT0474","9020","J16QLN1","1010474","12/29/2014","","","J0JRQ22"
"IT","SOLUTION CENTER","ZIT5965","OptiPlex 990","1005965","4Y5H0R1","ZIT0475","9020","J1TZQ22","1010475","12/29/2014","","","J0JWQ22"
"IT","SOLUTION CENTER","ZIT5966","OptiPlex 990","1005966","4Y5N0R1","ZIT0476","9020","J154R22","1010476","12/29/2014","","","J0JXQ22"
"IT","SOLUTION CENTER","ZIT5967","OptiPlex 990","1005967","4Y6F0R1","ZIT0477","9020","J1HSQ22","1010477","12/29/2014","","","J0JYQ22"
"IT","SOLUTION CENTER","ZIT5968","OptiPlex 990","1005968","4Y5G0R1","ZIT0478","9020","J0HRQ22","1010478","12/29/2014","","","J0K6R22"
"IT","BI ANALYST","ZIT5976","OptiPlex 990","1005976","8P7WVR1","ZIT0276","9020","D6RRP22","1010276","12/22/2014","","","J0KQQ22"
"N/A","NO HOST FOUND","ZIT5981","OptiPlex 990","","D61DTR1","","","","","","NHF","","J0M5R22"
"IT","SPORTS CONNECTION","ZIT5983","OptiPlex 990","1015983","D60HTR1","ZIT0444","9020","J1JTQ22","1010444","12/29/2014","","","J0MRR22"
"IT","SPORTS CONNECTION","ZIT5985","OptiPlex 990","1005985","D60DTR1","ZIT0441","9020","J1TTR22","1010441","12/29/2014","","","J0MSR22"
"IT","SPORTS CONNECTION","ZIT5986","OptiPlex 990","1005986","D60FTR1","ZIT0246","9020","D6LRP22","1010246","12/29/2014","","","J0MWQ22"
"IT","SPORTS CONNECTION","ZIT5987","OptiPlex 990","1005987","913YVR1","ZIT0245","9020","GMSJP22","1010245","12/29/2014","","","J0NPLN1"
"IT","SPORTS CONNECTION","ZIT5988","OptiPlex 990","1005988","9140WR1","ZIT0446","9020","J3DSR22","1010446","12/29/2014","","","J0NQLN1"
"IT","SPORTS CONNECTION","ZIT5989","OptiPlex 990","1005989","9130WR1","ZEX0442","9020","J1JSR22","1010442","12/29/2014","","","J0NQQ22"
"HT","RESERVATIONS SUPERVISOR","ZIT6005","OptiPlex 990","","DL03XR1","","9020","GNHQ322","1010347","12/08/2014","","","J0NRLN1"
"N/A","NO HOST FOUND","ZIT6006","OptiPlex 990","","DL01XR1","","","","","","NHF","","J0NTR22"
"IT","NETWORKING - THOAG","ZIT6017","OptiPlex 990","1006017","6WP2JS1","","9020","J14WQ22","1010419","","","","J0NYQ22"
"NA","NO HOST FOUND","ZIT6019","OptiPlex 990","","1R0LJS1","","","","","","NHF","","J0PQQ22"
"IT","SYSTEMS DEVELOPER -PRAWAT (IT IDF)","ZIT6020","OptiPlex 990","1006020","1R0NJS1","ZEX0374","9020","J0JTQ22","1010374","01/18/2015","Shut Down 1/8","","J0PRQ22"
"SAS","CFINNE1","ZIT6028","OptiPlex 990","1006028","J16KYR1","","9020","J1HRR22","1010373","","DO NOT REMOVE","","J0PSR22"
"N/A","NO HOST FOUND","ZIT6029","OptiPlex 990","","F7YLHS1","","","","","","NHF","","J14WQ22"
"N/A","NO HOST FOUND","ZIT6041","OptiPlex 990","","306WJS1","","","","","","NHF","","J14XQ22"
"IT","QA - BRIAN ALBERT","ZIT6048","OptiPlex 990","1016048","4DYVKS1","ZIT0468","9020","J1J4R22","1010468","01/07/2015","","","J14YQ22"
"N/A","NO HOST FOUND","ZIT6051","OptiPlex 990","","F59SKS1","","","","","","NHF","","J15QLN1"
"COMP","VP OF COMPLIANCE PAUL CAMACHO","ZIT6114","OptiPlex 990","1006114","85WY5V1","ZEX0394","9020","J16RLN1","1010394","01/07/2015","","","J15RQ22"
"IT","CYBER SEC - JFOSTER","ZIT6120","OptiPlex 990","1003120","GZRJ7V1","ZEX0371","9020","J16TR22","1010371","01/06/2015","","","J15VQ22"
"IT","SNARES","ZIT6126","OptiPlex 990","1006126","GZPP7V1","ZEX0370","9020","J0MTR22","1010370","01/06/2015","","","J15YQ22"
"IT","SPORTS CONNECTION","ZIT6127","OptiPlex 990","1006127","GZPN7V1","ZIT0279","9020","GMSJP22","1010279","01/22/2015","","","J160R22"
"IT","SPORTS CONNECTION","ZIT6128","OptiPlex 990","1006128","GZSK7V1","ZIT0379","9020","J1HTR22","1010379","01/22/2015","","","J166R22"
"IT","ISERIES - KZOBRIST","ZIT6174","OptiPlex 990","1006174","4DYRKS1","ZIT6174","9020","J3DSQ22","1010357","01/16/2015","Same PC Name","","J16RLN1"
"IT","PROJECT MANAGER - HUNGERFORD","ZIT6856","OptiPlex 990","1006856","2QNV3V1","ZIT0410","9020","J0MRR22","1010410","01/07/2015","","","J16SQ22"
"N/A","NO HOST FOUND","ZIT6867","OptiPlex 990","","8P80WR1","","","","","","NHF","","J16SR22"
"IT","QA - PRATIK","ZITASRIVA","OptiPlex 990","1006021","1R2JJS1","ZITASRIVA","9020","J16SR22","1010409","01/12/2015","","","J16VR22"
"IT","SERVER MANAGER","ZITCWURM","OptiPlex 990","1008016","1R1JJS1","ZIT0370","9020","J0MTR22","1010370","01/14/2015","","","J16XQ22"
"IT","IHARRIS/JHETRI","ZITNTOBIN","OptiPlex 990","1006046","4DYTKS1","ZEX0369","9020","J16VQ22","1010369","01/18/2015","","","J175R22"
"N/A","NO HOST FOUND","ZITSCKIOSKDEMO2","OptiPlex 990","","2QQ14V1","","","","","","NHF","","J1HRLN1"
"IT","QA ANALYST - ??? Port 11","ZITSRAGHU","OptiPlex 990","1006852","8P71WR1","ZEX0386","9020","J2DYQ22","1010386","01/18/2015","","","J1HTQ22"
"RM","Risk Management Training PC","ZITTESTING2","OptiPlex 990","1006078","F85VPS1","ZITTESTING2","9020","J37TQ22","1010388","01/16/2015","Same PC name","","J1JSQ22"
"LGL","LEGAL ADMIN - KDENO","ZLG5958","OptiPlex 990","1005958","6MWVZQ1","ZEX0449","9020","J0H6R22","1010449","01/05/2015","","","J1JSR22"
"MKT","ENT MANAGER - MREEVES","ZMK6040","OptiPlex 990","1006040","307QJS1","ZEX0416","9020","J0MSQ22","1010416","01/05/2015","","","J1KSQ22"
"OPS","OPERATIONS ANALYST - JKLEIN","ZMK6044","OptiPlex 990","1006044","4DXVKS1","ZEX0393","9020","J1HRLN1","1010393","01/07/2015","","","J1KTR22"
"MKT","VP OF OPERATION MKT - GINA S. ","ZMK6050","OptiPlex 990","1006050","F58TKS1","ZEX0389","9020","J0J6R22","1010389","01/08/2015","","","J1KVQ22"
"FB","VP OF FNB","ZMK6056","OptiPlex 990","1006056","F58WKS1","ZEX0249","9020","D6FPP22","1010249","12/08/2014","","","J22QLN1"
"MKT","MKT TEMP - GINA FULLER","ZMK6079","OptiPlex 990","1006079","F85MPS1","ZEX0464","9020","J2DPLN1","1010464","01/02/2015","","","J236R22"
"","AT RR - JULIE CANE","ZMK6098","OptiPlex 990","","F85LPS1","","","","","","AT RR","","J23ZQ22"
"AD","ADVERTISING MANAGER - TOWE","ZNT5947","OptiPlex 990","1005947","98XKXQ1","ZEX0265","9020","CKPNP22","1010265","12/28/2014","","","J245R22"
"DNC","EXEC ADMIN","ZPU5953","OptiPlex 990","1005953","70RPZQ1","ZEX0208","9020","D5Q0Q22","1010208","11/24/2014","","","J2DPLN1"
"N/A","NO HOST FOUND","ZPU5973","OptiPlex 990","","C76RSR1","","","","","","NHF","","J2DVQ22"
"PU","PURCHASING AGENT","ZPU6034","OptiPlex 990","1006034","306RJS1","ZEX0311","9020","CT2VP22","1010311","12/15/2014","","","J2DXQ22"
"PU","PURCHASING AGENT","ZPU6045","OptiPlex 990","1006045","4DYSKS1","ZEX0317","9020","CTDPP22","1010317","12/15/2014","","","J2F4R22"
"PU","PURCHASING AGENT","ZPU6084","OptiPlex 990","1006084","2QPV3V1","ZEX0334","9020","8PHQ322","1010334","12/15/2014","","","J2GRQ22"
"FB","Donkonics","ZPU6085","OptiPlex 990","1006085","F86LPS1","ZEX0350","9020","6RHQ322","1010350","01/12/2015","","","J2GRR22"
"PU","PURCHASING AGENT","ZPU6086","OptiPlex 990","1006086","2QQW3V1","ZEX0326","9020","D5NSP22","1010326","12/15/2014","","","J2QZQ22"
"PU","PURCHASING AGENT","ZPU6087","OptiPlex 990","1006087","F86NPS1","ZEX0329","9020","CTKZP22","1010329","12/15/2014","","","J2R3R22"
"PU","PURCHASING AGENT","ZPU6088","OptiPlex 990","1006088","F85RPS1","ZEX0327","9020","CTHZP22","1010327","12/15/2014","","","J2SQLN1"
"PU","PURCHASING AGENT","ZPU6091","OptiPlex 990","1006091","75945V1","ZEX0349","9020","HGHQ322","1010349","12/15/2014","","","J2SSR22"
"PU","PURCHASING AGENT","ZPU6092","OptiPlex 990","1006092","75825V1","ZEX0314","9020","CSFRP22","1010314","12/15/2014","","","J37TQ22"
"PU","PURCHASING AGENT","ZPU6109","OptiPlex 990","1006109","75855V1","ZEX0258","9020","D622Q22","1010258","12/15/2014","","","J3DXQ22"
"PU","PU PROJECT MANAGER","ZPU6121","OptiPlex 990","1006212","GZQJ7V1","ZEX0331","9020","CTHNP22","1010331","12/15/2014","","","J7XM322"
"HR","CORPORATE RECRUITER","ZPU6168","OptiPlex 990","1006168","F84VPS1","ZEX0300","9020","CGPTP22","1010300","12/08/2014","","","J8XM322"
"HR","HR TRAINING MANAGER - BMOUNS","ZRC6023","OptiPlex 990","1006023","1R1LJS1","","","","","","NHF","","JFHQ322"
"AC","BILL MCKEE","ZRC6024","OptiPlex 990","1006024","1R2NJS1","ZEX0470","9020","J0JRNL1","1010470","12/31/2014","","","BBXM322"
"N/A","NO HOST FOUND","ZRC6026","OptiPlex 990","","1R1NJS1","","","","","","NHF","","CJ7ZP22"
"SL","SLOTS - EMCNEIL","ZSL6035","OptiPlex 990","1006035","306TJS1","ZEX0391","9020","J2QZQ22","1010391","01/08/2015","","","CKDZP22"
"","10.2. TIMES OUT","ZST4356","OptiPlex 990","","1PF9JS1","","","","","","TIMES OUT","","CTDPP22"
"","WG HR 10.40. - DRUIZ","ZST4366","OptiPlex 990","","9FL0MS1","WWHR1563","9020","CHY0Q22","1011563","12/31/2014","AT WG HR","","CTMPP22"
"???","JEFELIX 10.2.254.13","ZST4367","OptiPlex 990","","9FL1MS1","","","","","","???","","D5SPP22"
"AC","ICG SCAN STATION","ZAC1834","OptiPlex GX620","1001834","HT2H0B1","","9020","","","","Replaced With ZEX6257","","D68QP22"
"N/A","NO HOST FOUND","ZAC1853","OptiPlex GX620","","5WC33B1","","","","","","NHF","","GN6JP22"
"PR","ASTEPH - DNS ISSUE","ZAC1972","OptiPlex GX620","","4W463B1","","","","","","DNS Issue","","HGHQ322"
"","10.12.17.260-L.HELLO","ZCC3970","OptiPlex GX620","","GNFTY81","ZCC7619","9020","9DTFPY1","1007619","01/15/2015","AT RIM WH","","HKHQ322"
"AC","DIR OF FINANCIAL REPORTING - WEAR","ZEX3049","OptiPlex GX620","1003049","5LKH9C1","ZEX7187","9020","7501L02","1007187","11/08/2014","","","J0HPLN1"
"IT","APPLICATION SUPPORT MANAGER - PHELPS","ZEX3483","OptiPlex GX620","1003483","GLKH9C1","ZIT0425","9020","J22QLN1","1010425","12/28/2014","","","J0HWQ22"
"HR","CORP DINING ROOM CHEF","ZFB3469","OptiPlex GX620","1003469","CNKH9C1","ZEX0233","9020","GK5GP22","1010233","12/19/2014","","","J0JRR22"
"IA","INTERNAL AUDIT - TCHU","ZIA3076","OptiPlex GX620","1003076","1NKH9C1","ZEX0380","9020","J1HVQ22","1010380","01/15/2015","","","J15WQ22"
"N/A","NO HOST FOUND","ZIT1893","OptiPlex GX620","","478MZ91","","","","","","NHF","","J1HSQ22"
"N/A","NO HOST FOUND","ZIT2106","OptiPlex GX620","","1M94W91","","","","","","NHF","","J1JVQ22"
"N/A","10.40.109.69 - TIMES OUT","ZIT5730","OptiPlex GX620","","5KKCBB1","","","","","","AT WG","","J1TZQ22"
"N/A","NO HOST FOUND","ZITL2B1","OptiPlex GX620","","FR0L2B1","","","","","","NHF","","J3DSR22"
"IT","SOLUTION CENTER","ZITSCNETBOTZ","OptiPlex GX620","","BW71X81","SCNETBOTZ2","9020","J2DVQ22","1010407","12/29/2014","","",""
"IT","SOLUTION CENTER","ZITSCSPORTSC","OptiPlex GX620","","7NFTY81","SCSPORTSSC2","9020","J0PRQ22","1010405","12/29/2014","","",""
"AD","PRODUCTION MANAGER","ZMK3999","OptiPlex GX620","1003999","DPKH9C1","ZEX0262","9020","CSQPP22","1010262","12/08/2014","","",""
"PU","PURCHASING AGENT","ZPU1686","OptiPlex GX620","1001686","B8SCK91","ZEX0323","9020","CSQTP22","1010323","12/15/2014","","",""
"PU","PURCHASING AGENT","ZPU3476","OptiPlex GX620","1003476","9PKH9C1","ZEX0314","9020","CSFRP22","1010314","12/15/2014","","",""
"RC","COMPLIANCE ANALYST","ZRC3490","OptiPlex GX620","1003490","8WC33B1","ZEX0414","9020","J16SQ22","1010414","12/30/2014","","",""
"N/A","10.12.17 - TIMES OUT","ZTR1145","OptiPlex GX620","","FTBHBB1","","","","","","AT GVR","",""
"N/A","10.12.17 - TIMES OUT","ZTR1255","OptiPlex GX620","","3FJ1Z81","","","","","","AT GVR","",""
"N/A","10.12.17 - TIMES OUT","ZTR1475","OptiPlex GX620","","9N1MJ91","","","","","","AT GVR","",""
